Name,Email,Phone Number
Mr. Jakob Senger,Janice.Donnelly12@yahoo.com,(594) 459-3650
Syble Keebler,Roma.Greenfelder30@yahoo.com,641.175.0767
Kristofer Koelpin,Mariela_Stamm@yahoo.com,(316) 539-6063
Citlalli Weber I,Judd_Medhurst96@hotmail.com,(898) 695-8929
Elvie Carter III,Heloise_Fahey99@yahoo.com,563-998-1766
Brenden Homenick,Mohamed_Funk41@gmail.com,(866) 948-3812
Margie Anderson,Tamara25@yahoo.com,(235) 367-1659
Mayra Roob,Jaylen.Roob@yahoo.com,958-498-5644
Kameron Kiehn,Cordie63@yahoo.com,1-247-606-7901
Anahi Ullrich,Sigmund_Brakus@hotmail.com,390-762-2652
Phyllis Maggio,Mike_Barrows84@gmail.com,(520) 404-3490
Danny Herman I,Wilburn_Steuber@hotmail.com,242-582-0891
Jessika Davis,Kip_Nienow30@gmail.com,1-164-712-7082
Dr. Lia Grimes,Dorian24@hotmail.com,803-160-5526
Mrs. Laron Wehner,Allie_Kerluke15@hotmail.com,1-563-969-6821
